date,module,error_category,count,remarks
2026-10-04,TEST_MODULE,FormatError,3,Test defect remarks
2026-10-04,TEST_MODULE,FormatError,3,Test defect remarks
2026-10-04,TEST_MODULE,FormatError,3,Test defect remarks
2026-10-06,TEST_MODULE,FormatError,3,Test defect remarks
2026-10-06,TEST_MODULE,FormatError,3,Test defect remarks
2026-10-06,TEST_MODULE,FormatError,3,Test defect remarks
2026-10-06,TEST_MODULE,FormatError,3,Test defect remarks
2026-10-08,TEST_MODULE,FormatError,3,Test defect remarks
2026-10-08,TEST_MODULE,FormatError,3,Test defect remarks
2026-10-08,TEST_MODULE,FormatError,3,Test defect remarks
